hevsengîya doza jîngehê û doza geşkirina civakî, pêwîstî bi sîyaseteka aqilaneya Ewropayî heye.
	
hevsengî	NOUN		
ya	IZAFE		
doz	NOUN		
a	IZAFE		
jîngeh	NOUN		
ê	DET		
û	CCONJ		
doz	NOUN		
a	IZAFE		
geşkirin	NOUN		
a	IZAFE		
civakî	ADJ		
,	PUNCT		
pêwîstî	NOUN		
bi	ADP		
sîyaset	NOUN		
ek	DET		
a	IZAFE		
aqilane	ADJ		
ya	IZAFE		
Ewropayî	ADJ		
heye	VERB		
.	PUNCT		
	
divê Ewropa bi firehferhengîyê û bi sîyaseta pêşgîrîya çalakane, xebatê ji bo aştîya cîhanî bike.
	
divê	VERB		
Ewropa	PROPN		
bi	ADP		
firehferhengî	NOUN		
yê	DET		
û	CCONJ		
bi	ADP		
sîyaset	NOUN		
a	IZAFE		
pêşgîrî	NOUN		
ya	IZAFE		
çalakane	ADJ		
,	PUNCT		
xebat	NOUN		
ê	DET		
ji	ADP		
bo	ADP		
aştî	NOUN		
ya	IZAFE		
cîhanî	ADJ		
bike	VERB		
.	PUNCT		
	
di civîna îro de pêşnîyarên alîyên Kurdî yên di bareya dabeşkirina desthilatê de li Kerkûkê hatin şopandin.
	
di	ADP		
civîn	NOUN		
a	IZAFE		
îro	NOUN		
de	ADP		
pêşnîyar	NOUN		
ên	IZAFE		
alî	NOUN		
yên	IZAFE		
Kurdî	ADJ		
yên	IZAFE		
di	ADP		
bare	NOUN		
ya	DET		
dabeşkirin	NOUN		
a	IZAFE		
desthilat	NOUN		
ê	DET		
de	ADP		
li	ADP		
Kerkûk	PROPN		
ê	DET		
hatin	AUX		
şopandin	VERB		
.	PUNCT		
	
endamên encûmena wezîrên herêma Kurdistanê weha dan nîşandan, ku dibe armancên sîyasî li dûv evî hilwestî hebin.
	
endam	NOUN		
ên	IZAFE		
encûmen	NOUN		
a	IZAFE		
wezîr	NOUN		
ên	IZAFE		
herêm	NOUN		
a	IZAFE		
Kurdistan	PROPN		
ê	DET		
weha	SCONJ		
dan	AUX		
nîşandan	VERB		
,	PUNCT		
ku	SCONJ		
dibe	VERB		
armanc	NOUN		
ên	IZAFE		
sîyasî	NOUN		
li duv	ADP		
evî	PRON		
hilwest	NOUN		
î	DET		
hebin	VERB		
.	PUNCT		
	
ew jî ji ber ku dezgehên herêma Kurdistanê li angora destûra Iraqê hatine naskirin.
	
ew	PRON		
jî	ADV		
ji ber	ADP		
ku	SCONJ		
dezgeh	NOUN		
ên	IZAFE		
herêm	NOUN		
a	IZAFE		
Kurdistan	PROPN		
ê	IZAFE		
li angora	ADP		
destûr	NOUN		
a	IZAFE		
Iraq	PROPN		
ê	DET		
hatine	AUX		
naskirin	VERB		
.	PUNCT		
	
serokê hukûmetê ji bo wê dîyarîyê supasîya konsulê Çîkî kir û hêvîya serkeftinê jê re xwest.
	
serok	NOUN		
ê	IZAFE		
hukûmet	NOUN		
ê	DET		
ji	ADP		
bo	ADP		
wê	PRON		
dîyarî	NOUN		
yê	DET		
supasî	NOUN		
ya	IZAFE		
konsul	NOUN		
ê	IZAFE		
Çîkî	PROPN		
kir	VERB		
û	CCONJ		
hêvî	NOUN		
ya	IZAFE		
serkeftin	NOUN		
ê	DET		
jê	ADP		
re	ADP		
xwest	VERB		
.	PUNCT		
	
her di evê dîdarê de, tekezî li ser rewşa giştîya Iraqê jî hat kirin.
	
her	PRON		
di	ADJ		
evê	PRON		
dîdar	NOUN		
ê	DET		
de	ADP		
,	PUNCT		
tekezî	NOUN		
li ser	ADP		
rewş	NOUN		
a	IZAFE		
giştî	ADJ		
ya	IZAFE		
Iraq	PROPN		
ê	DET		
jî	ADV		
hat	AUX		
kirin	VERB		
.	PUNCT		
	
di beşeke din ya axaftinên xwe de, Şenşel piştgirîya alîyê xwe ji bo sazmendî û sererast kirina posteya wezaretê dîyar kir.
	
di	ADP		
beş	NOUN		
ek	DET		
e	IZAFE		
din	ADJ		
ya	IZAFE		
axaftin	NOUN		
ên	IZAFE		
xwe	PRON		
de	ADP		
,	PUNCT		
Şenşel	PROPN		
piştgirî	NOUN		
ya	IZAFE		
alî	NOUN		
yê	IZAFE		
xwe	PRON		
ji	ADP		
bo	ADP		
sazmendî	NOUN		
û	CCONJ		
sererastkirin	NOUN		
a	IZAFE		
poste	NOUN		
ya	IZAFE		
wezaret	NOUN		
ê	IZAFE		
dîyar kir	VERB		
.	PUNCT		
	
wekî din got, hukûmeta Baxdadê divê li ser milê xwe nexşesazîya wê dirûst bike lê ne amade ye budceya projeyê peyîda bike.
	
wekî din	ADV		
got	VERB		
,	PUNCT		
hukûmet	NOUN		
a	IZAFE		
Baxdad	PROPN		
ê	DET		
divê	VERB		
li ser	ADP		
mil	NOUN		
ê	IZAFE		
xwe	PRON		
nexşesazî	NOUN		
ya	IZAFE		
wê	PRON		
dirûst bike	VERB		
lê	CCONJ		
ne	PART		
amade	ADJ		
ye	VERB		
budce	NOUN		
ya	IZAFE		
proje	NOUN		
yê	DET		
peyîda bike	VERB		
.	PUNCT		
	
rê jî nade ku careka din ezmona tal di evê dîroka hevçerxa sîyasîya Iraqê de dubare bibe.
	
rê	NOUN		
jî	ADV		
nade	VERB		
ku	SCONJ		
car	NOUN		
ek	DET		
a	IZAFE		
din	ADJ		
ezmon	NOUN		
a	IZAFE		
tal	ADJ		
di	ADP		
evê	PRON		
dîrok	NOUN		
a	IZAFE		
hevçerx	NOUN		
a	IZAFE		
sîyasî	ADJ		
ya	IZAFE		
Iraq	PROPN		
ê	DET		
de	ADP		
dubare bibe	VERB		
.	PUNCT		
	
ev projeya han berî çend rojan test bû, belê niha bû fermî.
	
ev	PRON		
proje	NOUN		
ya	IZAFE		
han	PART		
berî	ADP		
çend	ADV		
roj	NOUN		
an	DET		
test	NOUN		
bû	VERB		
,	PUNCT		
belê	ADV		
niha	ADV		
bû	VERB		
fermî	ADJ		
.	PUNCT		
	
kongireyeka rojnamevanî jî di evê bareyê de hat sazdan û Dr. Xalid Salih tê de da xuyakirin.
	
kongire	NOUN		
yek	DET		
a	IZAFE		
rojnamevanî	ADJ		
jî	ADV		
di 	ADP		
evê 	PRON		
bare	NOUN		
yê	DET		
de	ADP		
hat	AUX		
sazdan	VERB		
û	CCONJ		
Dr.	NOUN		
Xalid	PROPN		
Salih	PROPN		
tê	ADP		
de	ADP		
da	AUX		
xuyakirin	VERB		
.	PUNCT		
	
paşê jî, ji behra herêma Kurdistanê ji xezîneya Iraqê, ji herêma Kurdistanê re bihê şandin.
	
paşê	ADV		
jî	ADV		
,	PUNCT		
ji behra	ADP		
herêm	NOUN		
a	IZAFE		
Kurdistan	PROPN		
ê	DET		
ji	ADP		
xezîne	NOUN		
ya	IZAFE		
Iraq	PROPN		
ê	DET		
,	PUNCT		
ji	ADP		
herêm	NOUN		
a	IZAFE		
Kurdistan	PROPN		
ê	DET		
re	ADP		
bihê	AUX		
şandin	VERB		
.	PUNCT		
	
heta amadekirina evê nûçeyê jî hîna ev dêrendazên han berdewam in û dê PNA nûçeyên girêdayî evê dêrendazê vebiguhêze.
	
heta	ADP		
amadekirin	NOUN		
a	IZAFE		
evê	PROPN		
nûçe	NOUN		
yê	DET		
jî	ADV		
hîna	ADV		
ev	PRON		
dêrendaz	NOUN		
ên	IZAFE		
han	PART		
berdewam	ADJ		
in	VERB		
û	CCONJ		
dê	PART		
PNA	PROPN		
nûçe	NOUN		
yên	IZAFE		
girêdayî	ADJ		
evê	PROPN		
dêrendaz	NOUN		
ê	DET		
vebiguhêze	VERB		
.	PUNCT		
	
em di biwarê derxistin û investkarîya petrolê de piştevanîya hukûmeta herêma Kurdistanê dikin.
	
em	PRON		
di	ADP		
biwar	NOUN		
ê	DET		
derxistin	NOUN		
û	CCONJ		
investkarî	NOUN		
ya	IZAFE		
petrol	NOUN		
ê	DET		
de	ADP		
piştevanî	NOUN		
ya	IZAFE		
hukûmet	NOUN		
a	IZAFE		
herêm	NOUN		
a	IZAFE		
Kurdistan	PROPN		
ê	DET		
dikin	VERB		
.	PUNCT		
	
Ednan Muftî weha jî got: qanûna gazê û petrolê li parlîyamenta herêma Kurdistanê derkevtîye.
	
Ednan	PROPN		
Muftî	PROPN		
weha	ADV		
jî	ADV		
got	VERB		
:	PUNCT		
qanûn	NOUN		
a	IZAFE		
gaz	NOUN		
ê	DET		
û	CCONJ		
petrol	NOUN		
ê	DET		
li	ADP		
parlîyament	NOUN		
a	IZAFE		
herêm	NOUN		
a	IZAFE		
Kurdistan	PROPN		
ê	DET		
derkevtîye	VERB		
.	PUNCT		
	
ew qanûna han ji hemû alîyan ve hatîye hilsengandin û gelekî pêdivê ye.
	
ew	PRON		
qanûn	NOUN		
a	IZAFE		
han	PART		
ji	ADP		
hemû	ADJ		
alî	NOUN		
yan	DET		
ve	ADP		
hatîye	AUX		
hilsengandin	VERB		
û	CCONJ		
gelekî	ADV		
pêdivê	ADJ		
ye	VERB		
.	PUNCT		
	
divê em bi transparensîyê pirsan çareser bikin.
	
divê	VERB		
em	PRON		
bi	ADP		
transparensî	NOUN		
yê	DET		
pirs	NOUN		
an	DET		
çareser bikin	VERB		
.	PUNCT		
	
di evê dêrendaz û şadîmanê de, nûnerên kompanyayên bîyanî û gelek mêvan jî, li dîwana Se`ed Ebdullah amade bûn.
	
di	ADP		
evê	PRON		
dêrendaz	NOUN		
û	CCONJ		
şadîman	NOUN		
ê	DET		
de	ADP		
,	PUNCT		
nûner	NOUN		
ên	IZAFE		
kompanya	NOUN		
yên	IZAFE		
bîyanî	ADJ		
û	CCONJ		
gelek	ADJ		
mêvan	NOUN		
jî	ADV		
,	PUNCT		
li	ADP		
dîwan	NOUN		
a	IZAFE		
Se`ed	PROPN		
Ebdullah	PROPN		
amade bûn	VERB		
.	PUNCT		
	
ez bi evê boneyê pîrozbayîyê li Mam Celal û endamên serokatîya YNK û hemû endam û alîgirên YNK dikim.
	
ez	PRON		
bi	ADP		
evê	PRON		
bone	NOUN		
yê	DET		
pîrozbayî	NOUN		
yê	DET		
li	ADP		
Mam	PROPN		
Celal	PROPN		
û	CCONJ		
endam	NOUN		
ên	IZAFE		
serokatî	NOUN		
ya	IZAFE		
YNK	PROPN		
û	CCONJ		
hemû	ADJ		
endam	NOUN		
û	CCONJ		
alîgir	NOUN		
ên	IZAFE		
YNK	PROPN		
dikim	VERB		
.	PUNCT		
	
peywendîyên me gelekî xurt in û em xwe girêdayî rêkevtina stiratecîk dibînin.
	
peywendî	NOUN		
yên	IZAFE		
me	PRON		
gelekî	ADV		
xurt	ADJ		
in	VERB		
û	CCONJ		
em	PRON		
xwe	PRON		
girêdayî	ADJ		
rêkevtin	NOUN		
a	IZAFE		
stiratecîk	ADJ		
dibînin	VERB		
.	PUNCT		
	
ev rêkevtina han jî, di berjewendîya neteweya me û hemû Iraqê de ye.
	
ev	PRON		
rêkevtin	NOUN		
a	IZAFE		
han	PART		
jî	ADV		
,	PUNCT		
di	ADP		
berjewendî	NOUN		
ya	IZAFE		
netewe	NOUN		
ya	IZAFE		
me	PRON		
û	CCONJ		
hemû	ADJ		
Iraq	PROPN		
ê	DET		
de	ADP		
ye	VERB		
.	PUNCT		
	
biryar e her evroj Barak Obama gotara taybetîya xwe pêşkêş bike.
	
biryar	NOUN		
e	VERB		
her	PRON		
evroj	ADV		
Barak	PROPN		
Obama	PROPN		
gotar	NOUN		
a	IZAFE		
taybetî	NOUN		
ya	IZAFE		
xwe	PRON		
pêşkêş bike	VERB		
.	PUNCT		
	
evî jêderî ti pêzanînên din di evê bareyê de aşkira nekir.
	
evî	PRON		
jêder	NOUN		
î	DET		
ti	ADV		
pêzanîn	NOUN		
ên	IZAFE		
din	ADJ		
di	ADP		
evê	PRON		
bare	NOUN		
yê	DET		
de	ADP		
aşkira nekir	VERB		
.	PUNCT		
	
rewşa niha hineke cuda ye, bi taybetî gava ku Kurdistanê dest bi hilbirîna petrolê kirîye.
	
rewş	NOUN		
a	IZAFE		
niha	ADV		
hineke	ADV		
cuda	ADJ		
ye	VERB		
,	PUNCT		
bi taybetî	ADV		
gav	NOUN		
a	IZAFE		
ku	SCONJ		
Kurdistan	PROPN		
ê	DET		
dest	NOUN		
bi	ADP		
hilbirîn	NOUN		
a	IZAFE		
petrol	NOUN		
ê	DET		
kirîye	VERB		
.	PUNCT		
	
di evê peywendîya telefonî de, behsa peywendîyên navbera Baxdadê û Parîs di hemû biwaran de hatîye kirin.
	
di	ADP		
evê	PRON		
peywendî	NOUN		
ya	IZAFE		
telefonî	ADJ		
de	ADP		
,	PUNCT		
behs	NOUN		
a	IZAFE		
peywendî	NOUN		
yên	IZAFE		
navber	NOUN		
a	IZAFE		
Baxdad	PROPN		
ê	DET		
û	CCONJ		
Parîs	PROPN		
di	ADP		
hemû	ADJ		
biwar	NOUN		
an	DET		
de	ADP		
hatîye	AUX		
kirin	VERB		
.	PUNCT		
	
Elawî weha jî da xuyakirin, ku hilbijartinên bihên ên parlemanê bandorê li ayindeya Iraqê dikin.
	
Elawî	PROPN		
weha	ADV		
jî	ADV		
da	AUX		
xuyakirin	VERB		
,	PUNCT		
ku	SCONJ		
hilbijartin	NOUN		
ên	IZAFE		
bihên	NOUN		
ên	IZAFE		
parleman	NOUN		
ê	IZAFE		
bandor	NOUN		
ê	DET		
li	ADP		
ayinde	NOUN		
ya	IZAFE		
Iraq	PROPN		
ê	DET		
dikin	VERB		
.	PUNCT		
	
herweha Talebanî şadbûna xwe li hember beşdarbûna kompanyayên Swêdî di avedankirina Iraqê de da nîşandan.
	
herweha	ADV		
Talebanî	PROPN		
şadbûn	NOUN		
a	IZAFE		
xwe	PRON		
li hember	ADP		
beşdarbûn	NOUN		
a	IZAFE		
kompanya	NOUN		
yên	IZAFE		
Swêdî	ADJ		
di	ADP		
avedankirin	NOUN		
a	IZAFE		
Iraq	PROPN		
ê	DET		
de	ADP		
da	AUX		
nîşandan	VERB		
.	PUNCT		
	
balyozê Swêdê weha jî da nîşandan, ku welatê wî bi hêvî ye konsulxaneyekê li herêma Kurdistanê vebike.
	
balyoz	NOUN		
ê	IZAFE		
Swêd	ADJ		
ê	DET		
weha	ADV		
jî	ADV		
da	AUX		
nîşandan	VERB		
,	PUNCT		
ku	SCONJ		
welat	NOUN		
ê	IZAFE		
wî	PRON		
bi hêvî	ADP		
ye	VERB		
konsulxane	NOUN		
yekê	DET		
li	ADP		
herêm	NOUN		
a	IZAFE		
Kurdistan	PROPN		
ê	DET		
vebike	VERB		
.	PUNCT		
	
evî jêderî ti daxuyanîyek di bareya dîdarên serokê komara Iraqê de yên bi berpirsên komara islamîya Îranê re ranegihand.
	
evî	PRON		
jêder	NOUN		
î	DET		
ti	ADV		
daxuyanî	NOUN		
yek	DET		
di 	ADP		
bare	NOUN		
ya	IZAFE		
dîdar	NOUN		
ên	IZAFE		
serok	NOUN		
ê	IZAFE		
komar	NOUN		
a	IZAFE		
Iraq	PROPN		
ê	DET		
de	ADP		
yên	IZAFE		
bi	ADP		
berpirs	NOUN		
ên	IZAFE		
komar	NOUN		
a	IZAFE		
islamî	ADJ		
ya	IZAFE		
Îran	PROPN		
ê	DET		
re	ADP		
ranegihand	VERB		
.	PUNCT		
	
bergê çapa nû bi cild, kaxiza wê şamû’a û ebata wê 24 e.
	
berg	NOUN		
ê	IZAFE		
çap	NOUN		
a	IZAFE		
nû	ADJ		
bi	ADP		
cild	NOUN		
,	PUNCT		
kaxiz	NOUN		
a	IZAFE		
wê	PRON		
şamû’a	NOUN		
û	CCONJ		
ebat	NOUN		
a	IZAFE		
wê	PRON		
24	NUM		
e	VERB		
.	PUNCT		
	
û tertîba helbestên Feqî ji nû ve hatîye rêzkirin.
	
û	CCONJ		
tertîb	NOUN		
a	IZAFE		
helbest	NOUN		
ên	IZAFE		
Feqî	PROPN		
ji nû ve	ADV		
hatîye	AUX		
rêzkirin	VERB		
.	PUNCT		
	
Berfînê ji 800 kesî re perçeyê Ernst yê bi navê "Othello Fantasy" lêxist.
	
Berfîn	PROPN		
ê	DET		
ji	ADP		
800	NUM		
kesî	NOUN		
re	ADP		
perçe	NOUN		
yê	IZAFE		
Ernst	PROPN		
yê	IZAFE		
bi	ADP		
nav	NOUN		
ê	IZAFE		
Othello Fantasy	PROPN		
lêxist	VERB		
.	PUNCT		
	
li angora evê nûçeya CNN endamên encûmena asayişa navdewletî doh kombûna xwe saz kirin û biryara 1874 derxistin.
	
li angora	ADV		
evê	PRON		
nûçe	NOUN		
ya	IZAFE		
CNN	PROPN		
endam	NOUN		
ên	IZAFE		
encûmen	NOUN		
a	IZAFE		
asayiş	ADJ		
a	IZAFE		
navdewletî	ADJ		
doh	ADV		
kombûn	NOUN		
a	IZAFE		
xwe	PRON		
saz kirin	VERB		
û	CCONJ		
biryar	NOUN		
a	IZAFE		
1874	NUM		
derxistin	VERB		
.	PUNCT		
	
li angora evê biryarê jî, dê sizayên leşkerî, aborî û bazirganî li ser Koreyaya Bakur dijwartir û berfirehtir bibin.
	
li angora	ADV		
evê	PRON		
biryar	NOUN		
ê	DET		
jî	ADV		
,	PUNCT		
dê	PART		
siza	NOUN		
yên	IZAFE		
leşkerî	ADJ		
,	PUNCT		
aborî	ADJ		
û	CCONJ		
bazirganî	ADJ		
li ser	ADP		
Koreya	PROPN		
ya	IZAFE		
Bakur	ADJ		
dijwartir	ADJ		
û	CCONJ		
bêtir	ADJ		
û	CCONJ		
berfirehtir	ADJ		
bibin	VERB		
.	PUNCT		
	
ew jî dê azîmandkirina (tecrubekirina) berhemanîna çekên atomî berdewam bikin.
	
ew	PRON		
jî	ADV		
dê	PART		
azîmandkirin	NOUN		
a	IZAFE		
(	PUNCT		
tecrubekirin	NOUN		
a	IZAFE		
)	PUNCT		
berhemanîn	NOUN		
a	IZAFE		
çek	NOUN		
ên	IZAFE		
atomî	ADJ		
berdewam bikin	VERB		
.	PUNCT		
	
karkirên evan kargehan 2981 kes in.
	
karkir	NOUN		
ên	IZAFE		
evan	PRON		
kargeh	NOUN		
an	DET		
2981	NUM		
kes	NOUN		
in	VERB		
.	PUNCT		
	
dê ev kargehên han li herêma Kurdistanê bibin egerê (sebebê) nemana bêkarîyê.
	
dê	PART		
ev	PRON		
kargeh	NOUN		
ên	IZAFE		
han	PART		
li	ADP		
herêm	NOUN		
a	IZAFE		
Kurdistan	PROPN		
ê	DET		
bibin	VERB		
eger	NOUN		
ê	IZAFE		
(	PUNCT		
sebeb	NOUN		
ê	IZAFE		
)	PUNCT		
neman	NOUN		
a	IZAFE		
bêkarî	NOUN		
yê	DET		
.	PUNCT		
	
Ismet Muhemmed Xalid û mamostayên din jî, pêşwazîya wî û şandeya pê re kirin.
	
Ismet	PROPN		
Muhemmed	PROPN		
Xalid	PROPN		
û	CCONJ		
mamosta	NOUN		
yên	IZAFE		
din	ADJ		
jî	ADV		
,	PUNCT		
pêşwazî	NOUN		
ya	IZAFE		
wî	PRON		
û	CCONJ		
şande	NOUN		
ya	IZAFE		
pê	ADP		
re	ADP		
kirin	VERB		
.	PUNCT		
	
li ser daxwaza zankoya Duhokê, evroj berpirsê peywendîyên derve yê zankoya Sant Diyego Stat serdana serokatîya zankoya Duhokê kir.
	
li ser	ADP		
daxwaz	NOUN		
a	IZAFE		
zanko	NOUN		
ya	IZAFE		
Duhok	PROPN		
ê	DET		
,	PUNCT		
evroj	ADV		
berpirs	NOUN		
ê	IZAFE		
peywendî	NOUN		
yên	IZAFE		
derve	ADJ		
yê	IZAFE		
zanko	NOUN		
ya	IZAFE		
Sant	PROPN		
Diyego	PROPN		
Stat	PROPN		
serdan	NOUN		
a	IZAFE		
serokatî	NOUN		
ya	IZAFE		
zanko	NOUN		
ya	IZAFE		
Duhok	PROPN		
ê	DET		
kir	VERB		
.	PUNCT		
	
Norman Lîyonard, şadbûna xwe da nîşandan û pesnê pêşveçûna zankoya Duhokê da.
	
Norman	PROPN		
Lîyonard	PROPN		
,	PUNCT		
şadbûn	NOUN		
a	IZAFE		
xwe	PRON		
da	AUX		
nîşandan	VERB		
û	CCONJ		
pesn	NOUN		
ê	IZAFE		
pêşveçûn	NOUN		
a	IZAFE		
zanko	NOUN		
ya	IZAFE		
Duhok	PROPN		
ê	DET		
da	VERB		
.	PUNCT		
	
taybetmendîya zankoya Sant Dîyego Stat jî di bareya zimanê Englîzî û belavkirina rewşenbîrîya aştîyê de ye.
	
taybetmendî	NOUN		
ya	IZAFE		
zanko	NOUN		
ya	IZAFE		
Sant	PROPN		
Dîyego	PROPN		
Stat	PROPN		
jî	ADV		
di	ADP		
bare	NOUN		
ya	IZAFE		
ziman	NOUN		
ê	IZAFE		
Englîzî	ADJ		
û	CCONJ		
belavkirin	NOUN		
a	IZAFE		
rewşenbîrî	NOUN		
ya	IZAFE		
aştî	NOUN		
yê	DET		
de	ADP		
ye	VERB		
.	PUNCT		
	
ew zankoyeka Amerîkayî ye û li astana Kalifornîya ye û 6400 mamostayên wê hene.
	
ew	PRON		
zanko	NOUN		
yek	DET		
a	IZAFE		
Amerîkayî	ADJ		
ye	VERB		
û	CCONJ		
li	ADP		
astan	NOUN		
a	IZAFE		
Kalifornîya	PROPN		
ye	VERB		
û	CCONJ		
6400	NUM		
mamosta	NOUN		
yên	IZAFE		
wê	PRON		
hene	VERB		
.	PUNCT		
	
ev zankoya han di sala 1897 de hatîye damezrandin û salane 34.000 xwendevan lê dixwînin.
	
ev	PRON		
zanko	NOUN		
ya	IZAFE		
han	PART		
di	ADP		
sal	NOUN		
a	IZAFE		
1897	NUM		
de	ADP		
hatîye	AUX		
damezrandin	VERB		
û	CCONJ		
salane	ADV		
34	NUM		
xwendevan	NOUN		
lê	ADP		
dixwînin	VERB		
.	PUNCT		
	
Mehmûd Osman û binemala wî kir, ji ber ku xwîşka wî çû ber dilovanîya Xweda.
	
Mehmûd	PROPN		
Osman	PROPN		
û	CCONJ		
binemal	NOUN		
a	IZAFE		
wî	PRON		
kir	VERB		
,	PUNCT		
ji ber	ADP		
ku	SCONJ		
xwîşk	NOUN		
a	IZAFE		
wî	PRON		
çû	VERB		
ber	ADP		
dilovanî	NOUN		
ya	IZAFE		
Xweda	NOUN		
.	PUNCT		
	
ev jî teksta serexwşîya serokê herêma Kurdistanê ye, ya ku ji Dr. Mehmûd Osman û binemala wî re şandiye.
	
ev	PRON		
jî	ADV		
tekst	NOUN		
a	IZAFE		
serexwşî	NOUN		
ya	IZAFE		
serok	NOUN		
ê	IZAFE		
herêm	NOUN		
a	IZAFE		
Kurdistan	PROPN		
ê	DET		
ye	VERB		
,	PUNCT		
ya	IZAFE		
ku	SCONJ		
ji	ADP		
Dr.	NOUN		
Mehmûd	PROPN		
Osman	PROPN		
û	CCONJ		
binemal	NOUN		
a	IZAFE		
wî	PRON		
re	ADP		
şandiye	VERB		
.	PUNCT		
	
Eqîd Şêrzad daxwaz ji hukûmeta herêma Kurdistanê jî kir, ku alîkarîya rêvebirîya Kerkûkê bike.
	
Eqîd	PROPN		
Şêrzad	PROPN		
daxwaz	NOUN		
ji	ADP		
hukûmet	NOUN		
a	IZAFE		
herêm	NOUN		
a	IZAFE		
Kurdistan	PROPN		
ê	DET		
jî	ADV		
kir	VERB		
,	PUNCT		
ku	SCONJ		
alîkarî	NOUN		
ya	IZAFE		
rêvebirî	NOUN		
ya	IZAFE		
Kerkûk	PROPN		
ê	DET		
bike	VERB		
.	PUNCT		
	
Fu`ad Huseyn got: erkê paraztina ewledarîya Kerkûkê di destên polîsan û hêzên asayişa Kerkûkê de ye.
	
Fu`ad	PROPN		
Huseyn	PROPN		
got	VERB		
:	PUNCT		
erk	NOUN		
ê	IZAFE		
paraztin	NOUN		
a	IZAFE		
ewledarî	NOUN		
ya	IZAFE		
Kerkûk	PROPN		
ê	DET		
di	ADP		
dest	NOUN		
ên	IZAFE		
polîs	NOUN		
an	DET		
û	CCONJ		
hêz	NOUN		
ên	IZAFE		
asayiş	NOUN		
a	IZAFE		
Kerkûk	PROPN		
ê	DET		
de	ADP		
ye	VERB		
.	PUNCT		
	
gelek caran berpirsên hêzên firehnijad bi xwe jî, pesnê serkevtina polîsan û hêzên asayişa Kerkûkê da ne.
	
gelek	ADJ		
car	NOUN		
an	DET		
berpirs	NOUN		
ên	IZAFE		
hêz	NOUN		
ên	IZAFE		
firehnijad	ADJ		
bi	ADP		
xwe	PRON		
jî	ADJ		
,	PUNCT		
pesn	NOUN		
ê	IZAFE		
serkevtin	NOUN		
a	IZAFE		
polîs	NOUN		
an	DET		
û	CCONJ		
hêz	NOUN		
ên	IZAFE		
asayiş	NOUN		
a	IZAFE		
Kerkûk	PROPN		
ê	DET		
da	ADP		
ne	VERB		
.	PUNCT		
	
Jelewî got: pirsa kurd pirseka aloz e û kurd bi ser welatên deverê de hatine dabeşkirin.
	
Jelewî	PROPN		
got	VERB		
:	PUNCT		
pirs	NOUN		
a	IZAFE		
kurd	NOUN		
pirs	NOUN		
ek	DET		
a	IZAFE		
aloz	ADJ		
e	VERB		
û	CCONJ		
kurd	NOUN		
bi ser	ADP		
welat	NOUN		
ên	IZAFE		
dever	NOUN		
ê	DET		
de	ADP		
hatine	AUX		
dabeşkirin	VERB		
.	PUNCT		
	
kurd bêtirî sih (30) millîyonan in û heta niha dewleteka wan a neteweyî nîne.
	
kurd	NOUN		
bêtirî	ADV		
sih	NUM		
(	PUNCT		
30	NUM		
)	PUNCT		
millîyon	NOUN		
an	DET		
in	VERB		
û	CCONJ		
heta	ADP		
niha	ADV		
dewlet	NOUN		
ek	DET		
a	IZAFE		
wan	PRON		
a	IZAFE		
neteweyî	ADJ		
nîne	VERB		
.	PUNCT		
	
bi evî awayî jî, ew mezintirîn neteweya niha ya bê dewlet in.
	
bi	ADP		
evî	PRON		
awa	NOUN		
yî	DET		
jî	ADV		
,	PUNCT		
ew	PRON		
mezintirîn	ADJ		
netewe	NOUN		
ya	IZAFE		
niha	ADV		
ya	IZAFE		
bê	ADP		
dewlet	NOUN		
in	VERB		
.	PUNCT		
	
ji alîyekî din ve, dê evroj fraksîyona Îtilafa yekgirtû kombûnekê ji bo gengeşekirina diristkirina Îtilafeka nû saz bike.
	
ji	ADP		
alî	NOUN		
yek	DET		
î	IZAFE		
din	ADJ		
ve	ADP		
,	PUNCT		
dê	PART		
evroj	ADV		
fraksîyon	NOUN		
a	IZAFE		
Îtilaf	NOUN		
a	IZAFE		
yekgirtû	ADJ		
kombûn	NOUN		
ekê	DET		
ji	ADP		
bo	ADP		
gengeşekirin	NOUN		
a	IZAFE		
diristkirin	NOUN		
a	IZAFE		
Îtilaf	NOUN		
ek	DET		
a	IZAFE		
nû	ADJ		
saz bike	VERB		
.	PUNCT		
	
termê wî bi dêrendazekî berfereh de li goristana bajarê Amêdîyê hate veşartin.
	
term	NOUN		
ê	IZAFE		
wî	PRON		
bi	ADP		
dêrendaz	NOUN		
ek	DET		
î	IZAFE		
berfereh	ADJ		
de	ADP		
li	ADP		
goristan	NOUN		
a	IZAFE		
bajar	NOUN		
ê	IZAFE		
Amêdî	PROPN		
yê	DET		
hate	AUX		
veşartin	VERB		
.	PUNCT		
	
evroj bi xwe jî, dema dawîya dengdanê bû.
	
evroj	ADV		
bi	ADP		
xwe	PRON		
jî	ADV		
,	PUNCT		
dem	NOUN		
a	IZAFE		
dawî	NOUN		
ya	IZAFE		
dengdan	NOUN		
ê	DET		
bû	VERB		
.	PUNCT		
	
gerek bû evroj dengdan bihata kirin û ev qanûn bihata pesendkirin.
	
gerek	ADJ		
bû	VERB		
evroj	ADV		
dengdan	NOUN		
bihata	AUX		
kirin	VERB		
û	CCONJ		
ev	PRON		
qanûn	NOUN		
bihata	AUX		
pesendkirin	VERB		
.	PUNCT		
	
herweha, hat daxwazkirin ku hevwelatîyên kampa Mexmûr jî vegerin malên xwe û êdî ew kampa han li Iraqê nemîne.
	
herweha	ADV		
,	PUNCT		
hat	AUX		
daxwazkirin	VERB		
ku	SCONJ		
hevwelatî	NOUN		
yên	IZAFE		
kampa	NOUN		
Mexmûr	PROPN		
jî	ADV		
vegerin	VERB		
mal	NOUN		
ên	IZAFE		
xwe	PRON		
û	CCONJ		
êdî	ADV		
ew	PRON		
kamp	NOUN		
a	IZAFE		
han	PART		
li	ADP		
Iraq	PROPN		
ê	DET		
nemîne	VERB		
.	PUNCT		
	
Kampa Mexmûr jî, li başûrê bajêrê Hewlêrê ye.
	
Kamp	NOUN		
a	IZAFE		
Mexmûr	PROPN		
jî	ADV		
,	PUNCT		
li	ADP		
başûr	NOUN		
ê	IZAFE		
bajêr	NOUN		
ê	IZAFE		
Hewlêr	PROPN		
ê	DET		
ye	VERB		
.	PUNCT		
	
herweha dê Barak Obama serdana bajêrê Şangehay ya Çînê jî bike.
	
herweha	ADV		
dê	PART		
Barak	PROPN		
Obama	PROPN		
serdan	NOUN		
a	IZAFE		
bajêr	NOUN		
ê	IZAFE		
Şangehay	PROPN		
ya	IZAFE		
Çînê	PROPN		
jî	ADV		
bike	VERB		
.	PUNCT		
	
biryar e serokê wezîrên Urdun Nadr Zehebî kombûnekê bi serokê wezîrên Turkîye Receb Teyyib Erdogan re saz bike.
	
biryar	NOUN		
e	VERB		
serok	NOUN		
ê	IZAFE		
wezîr	NOUN		
ên	IZAFE		
Urdun	PROPN		
Nadr	PROPN		
Zehebî	PROPN		
kombûn	NOUN		
ekê	DET		
bi	ADP		
serok	NOUN		
ê	DET		
wezîr	NOUN		
ên	IZAFE		
Turkîye	PROPN		
Receb	PROPN		
Teyyib	PROPN		
Erdogan	PROPN		
re	ADP		
saz bike	VERB		
.	PUNCT		
	
endamê encûmena nûnerên Iraqê Izeddîn Dewle jî ragihand, ku dirêjkirina maweyê karê encûmena nûnerên Iraqê li dijî destûrê ye.
	
endam	NOUN		
ê	IZAFE		
encûmen	NOUN		
a	IZAFE		
nûner	NOUN		
ên	IZAFE		
Iraq	PROPN		
ê	DET		
Izeddîn	PROPN		
Dewle	PROPN		
jî	ADV		
ragihand	VERB		
,	PUNCT		
ku	SCONJ		
dirêjkirin	NOUN		
a	IZAFE		
mawe	NOUN		
yê	IZAFE		
kar	NOUN		
ê	IZAFE		
encûmen	NOUN		
a	IZAFE		
nûner	NOUN		
ên	IZAFE		
Iraq	PROPN		
ê	DET		
li dijî	ADP		
destûr	NOUN		
ê	DET		
ye	VERB		
.	PUNCT		
	
wezîrê derveyê Misirê jî ragihand,ku evaya pêngaveka giring e ji bo li pêşxistina peywendîyên navbera herdu welatên erebî.
	
wezîr	NOUN		
ê	IZAFE		
derve	ADJ		
yê	IZAFE		
Misir	PROPN		
ê	DET		
jî	ADV		
ragihand	VERB		
,	PUNCT		
ku	SCONJ		
eva	PRON		
ya	IZAFE		
pêngav	NOUN		
ek	DET		
a	IZAFE		
giring	ADJ		
e	VERB		
ji	ADP		
bo	ADP		
li pêşxistin	NOUN		
a	IZAFE		
peywendî	NOUN		
yên	IZAFE		
navber	NOUN		
a	IZAFE		
herdu	ADJ		
welat	NOUN		
ên	IZAFE		
erebî	ADJ		
.	PUNCT		
	
di evê kombûnê de, behsa guherînên evê dawîyê, pêşhatên sîyasî, qanûna hilbijartinan û pêwîstîya pesendkirina wê hat kirin.
	
di	ADP		
evê	PRON		
kombûn	NOUN		
ê	DET		
de	ADP		
,	PUNCT		
behs	NOUN		
a	IZAFE		
guherîn	NOUN		
ên	IZAFE		
evê	PRON		
dawî	ADJ		
yê	DET		
,	PUNCT		
pêşhat	NOUN		
ên	IZAFE		
sîyasî	ADJ		
,	PUNCT		
qanûn	NOUN		
a	IZAFE		
hilbijartin	NOUN		
an	DET		
û	CCONJ		
pêwîstî	NOUN		
ya	IZAFE		
pesendkirin	NOUN		
a	IZAFE		
wê	PRON		
hat	AUX		
kirin	VERB		
.	PUNCT		
	
di evê dîdarê de, behsa pêwîstîya karê hevbeş û li pêşxistina peywendîyên dîrokîyên xurtên navbera herdu alîyan jî hat kirin.
	
di	ADP		
evê	PRON		
dîdar	NOUN		
ê	DET		
de	ADP		
,	PUNCT		
behs	NOUN		
a	IZAFE		
pêwîstî	NOUN		
ya	IZAFE		
kar	NOUN		
ê	IZAFE		
hevbeş	ADJ		
û	CCONJ		
li pêşxistin	NOUN		
a	IZAFE		
peywendî	NOUN		
yên	IZAFE		
dîrokî	ADJ		
yên	IZAFE		
xurt	ADJ		
ên	IZAFE		
navber	NOUN		
a	IZAFE		
herdu	ADJ		
alî	NOUN		
yan	DET		
jî	ADV		
hat	AUX		
kirin	VERB		
.	PUNCT		
	
biryar e roja 12 evê mehê jî serokê Fransa Nikola Sarkozî li koşka Elîze pêşwazîya serokê Sûrîya Beşar Esed bike.
	
biryar	NOUN		
e	VERB		
roj	NOUN		
a	IZAFE		
12	NUM		
evê	PRON		
meh	NOUN		
ê	DET		
jî	ADV		
serok	NOUN		
ê	IZAFE		
Fransa	PROPN		
Nikola	PROPN		
Sarkozî	PROPN		
li	ADP		
koşk	NOUN		
a	IZAFE		
Elîze	PROPN		
pêşwazî	NOUN		
ya	IZAFE		
serok	NOUN		
ê	IZAFE		
Sûrîya	PROPN		
Beşar	PROPN		
Esed	PROPN		
bike	VERB		
.	PUNCT		
	
hêjayî gotinê ye, ku Fransa dixwaze ku roleka actîv di prosesa aştîya Rojhilata Navîn de bibîne.
	
hêjayî	NOUN		
gotin	NOUN		
ê	DET		
ye	VERB		
,	PUNCT		
ku	SCONJ		
Fransa	PROPN		
dixwaze	VERB		
ku	SCONJ		
rol	NOUN		
ek	DET		
a	IZAFE		
actîv	ADJ		
di	ADP		
proses	NOUN		
a	IZAFE		
aştî	NOUN		
ya	IZAFE		
Rojhilata Navîn	PROPN		
de	ADP		
bibîne	VERB		
.	PUNCT		
	
dergehên me bi xwe vekirî ne û kengî Si`ûdîye bixwaze, ew dikare peywendîyên xwe bi me re xurt bike.
	
dergeh	NOUN		
ên	IZAFE		
me	PROPN		
bi	ADP		
xwe	PRON		
vekirî	ADJ		
ne	VERB		
û	CCONJ		
kengî	ADV		
Si`ûdîye	PROPN		
bixwaze	VERB		
,	PUNCT		
ew	PRON		
dikare	VERB		
peywendî	NOUN		
yên	IZAFE		
xwe	PRON		
bi	ADP		
me	PRON		
re	ADP		
xurt	ADJ		
bike	VERB		
.	PUNCT		
	
wezîrê navxweyîyê Kerîm Sincarî jî got, ku ew gelekî spasîya hukûmeta Başûr dikin.
	
wezîr	NOUN		
ê	IZAFE		
navxweyî	ADJ		
yê	DET		
Kerîm	PROPN		
Sincarî	PROPN		
jî	ADV		
got	VERB		
,	PUNCT		
ku	SCONJ		
ew	PRON		
gelekî	ADV		
spasî	NOUN		
ya	IZAFE		
hukûmet	NOUN		
a	IZAFE		
Başûr	PROPN		
dikin	VERB		
.	PUNCT		
	
gerek berpirsên evê dewletê hilwestê xwe jî dîyar bikin û bi aşkirayî çareyekê pêşkêş bikin.
	
gerek	ADJ		
berpirs	NOUN		
ên	IZAFE		
evê	PRON		
dewlet	NOUN		
ê	DET		
hilwest	NOUN		
a	IZAFE		
xwe	PRON		
jî	ADV		
dîyar bikin	VERB		
û	CCONJ		
bi aşkirayî	ADV		
çare	NOUN		
yek	DET		
ê	DET		
pêşkêş bikin	VERB		
.	PUNCT		
	
hîngê dê çareserkirina evê pirsê jî gelekî girçin (zehmet) bibe.
	
hîngê	ADV		
dê	PART		
çareserkirin	NOUN		
a	IZAFE		
evê	PRON		
pirs	NOUN		
ê	DET		
jî	ADV		
gelekî	ADV		
girçin	ADJ		
(	PUNCT		
zehmet	ADJ		
)	PUNCT		
bibe	VERB		
.	PUNCT		
	
bi evî awayî jî, dê encamdana hilbijartinan li paş bikeve.
	
bi	ADP		
evî	PRON		
awa	NOUN		
yî	DET		
jî	ADV		
,	PUNCT		
dê	PART		
encamdan	NOUN		
a	IZAFE		
hilbijartin	NOUN		
an	DET		
li paş	ADP		
bikeve	VERB		
.	PUNCT		
	
Tahir Hewramî ragihand, ku ev kesê han, berî deh rojan li bajêrê Silêmanîyê bi evê nexweşîyê mirîye.
	
Tahir	PROPN		
Hewramî	PROPN		
ragihand	VERB		
,	PUNCT		
ku	SCONJ		
ev	PRON		
kes	NOUN		
ê	IZAFE		
han	PART		
,	PUNCT		
berî	ADP		
deh	NUM		
roj	NOUN		
an	DET		
li	ADP		
bajêr	NOUN		
ê	IZAFE		
Silêmanî	PROPN		
yê	DET		
bi	ADP		
evê	PRON		
nexweşî	NOUN		
yê	DET		
mirîye	VERB		
.	PUNCT		
	
weha jî got, ku bila hemû kes xwe ji cihên aporeyî (bi qerebalix) dûr bikin.
	
weha	ADV		
jî	ADV		
got	VERB		
,	PUNCT		
ku	SCONJ		
bila	VERB		
hemû kes	PRON		
xwe	PRON		
ji	ADP		
cih	NOUN		
ên	IZAFE		
aporeyî	NOUN		
(	PUNCT		
bi	ADP		
qerebalix	NOUN		
)	PUNCT		
dûr bikin	VERB		
.	PUNCT		
	
ji evî alîyê ve jî serokê herêma Kurdistanê amadeyîya herêma Kurdistanê ji bo her hêsankarîyekê da nîandan.
	
ji	ADP		
evî	PRON		
alî	NOUN		
yê	DET		
ve	ADP		
jî	ADV		
serok	NOUN		
ê	IZAFE		
herêm	NOUN		
a	IZAFE		
Kurdistan	PROPN		
ê	IZAFE		
amadeyî	NOUN		
ya	IZAFE		
herêm	NOUN		
a	IZAFE		
Kurdistan	PROPN		
ê	IZAFE		
ji	ADP		
bo	ADP		
her	PRON		
hêsankarî	NOUN		
yekê	DET		
da	AUX		
nîandan	VERB		
.	PUNCT		
	
ev bûyera han doh bi şevê di demjimar 10:30 de û li nêzîkî lîzgeha kornîşa taxa Rehîmawa çê bû.
	
ev	PRON		
bûyer	NOUN		
a	IZAFE		
han	PART		
doh	NUM		
bi	ADP		
şev	NOUN		
ê	DET		
di	ADP		
demjimar	NOUN		
10:30	NUM		
de	ADP		
û	CCONJ		
li nêzîkî	ADP		
lîzgeh	NOUN		
a	IZAFE		
kornîş	NOUN		
a	IZAFE		
tax	NOUN		
a	IZAFE		
Rehîmawa	PROPN		
çê bû	VERB		
.	PUNCT		
	
herweha, zîyanên gîyanî (rûhî) jî heta niha bi temamî nehatine zanîn.
	
herweha	ADV		
,	PUNCT		
zîyan	NOUN		
ên	IZAFE		
gîyanî	ADJ		
(	PUNCT		
rûhî	ADJ		
)	PUNCT		
jî	ADV		
heta	ADP		
niha	ADV		
bi temamî	ADV		
nehatine	AUX		
zanîn	VERB		
.	PUNCT		
	
deh rêvebirên wezaretan jî di evê xolê de rahînanê dibînin.
	
deh	NUM		
rêvebir	NOUN		
ên	IZAFE		
wezaret	NOUN		
an	DET		
jî	ADV		
di	ADP		
evê	PRON		
xol	NOUN		
ê	DET		
de	ADP		
rahînan	NOUN		
ê	DET		
dibînin	VERB		
.	PUNCT		
	
pêdivêyî nîşandanê ye, ku ev cara yekem e xoleka weha ji karmendên hukûmeta herêma Kurdistanê re dihê vekirin.
	
pêdivêyî	NOUN		
nîşandan	NOUN		
ê	DET		
ye	VERB		
,	PUNCT		
ku	SCONJ		
ev	PRON		
car	NOUN		
a	IZAFE		
yekem	ADJ		
e	VERB		
xol	NOUN		
ek	DET		
a	IZAFE		
weha	ADV		
ji	ADP		
karmend	NOUN		
ên	IZAFE		
hukûmet	NOUN		
a	IZAFE		
herêm	NOUN		
a	IZAFE		
Kurdistan	PROPN		
ê	DET		
re	ADP		
dihê	AUX		
vekirin	VERB		
.	PUNCT		
	
weha jî hat ragihandin, ku gelek hêzên taybetî hatine belavkirin, da ku rê li xwepêşanderan bihê girtin.
	
weha	ADV		
jî	ADV		
hat	AUX		
ragihandin	VERB		
,	PUNCT		
ku	SCONJ		
gelek	ADJ		
hêz	NOUN		
ên	IZAFE		
taybetî	ADJ		
hatine	AUX		
belavkirin	VERB		
,	PUNCT		
da ku	ADP		
rê	NOUN		
li	ADP		
xwepêşander	NOUN		
an	DET		
bihê	AUX		
girtin	VERB		
.	PUNCT		
	
serokê herêma Kurdistanê di evan gotaran de, rewşa herêma Kurdistanê ji xelkê û rêvebirên evan deveran re şirove dike.
	
serok	NOUN		
ê	IZAFE		
herêm	NOUN		
a	IZAFE		
Kurdistan	PROPN		
ê	IZAFE		
di	ADP		
evan	PRON		
gotar	NOUN		
an	DET		
de	ADP		
,	PUNCT		
rewş	NOUN		
a	IZAFE		
herêm	NOUN		
a	IZAFE		
Kurdistan	PROPN		
ê	DET		
ji	ADP		
xelk	NOUN		
ê	DET		
û	CCONJ		
rêvebir	NOUN		
ên	IZAFE		
evan	PRON		
dever	NOUN		
an	DET		
re	ADP		
şirove dike	VERB		
.	PUNCT		
	
pêşangeha duyem jî, dê li astana Las Vegas be û dê tiştên avakirinê lê bihên pêşandan.
	
pêşangeh	NOUN		
a	IZAFE		
duyem	ADJ		
jî	ADV		
,	PUNCT		
dê	PART		
li	ADP		
astan	NOUN		
a	IZAFE		
Las Vegas	PROPN		
be	VERB		
û	CCONJ		
dê	PART		
tişt	NOUN		
ên	IZAFE		
avakirin	NOUN		
ê	DET		
lê	ADP		
bihên	AUX		
pêşandan	VERB		
.	PUNCT		
	
ev geştevanên han jî ne tenê ereb in, belê ji welatên dinên ne erebên islamê jî ne.
	
ev	PRON		
geştevan	NOUN		
ên	IZAFE		
han	PART		
jî	ADV		
ne	PART		
tenê	ADV		
ereb	ADJ		
in	VERB		
,	PUNCT		
belê	ADV		
ji	ADP		
welat	NOUN		
ên	IZAFE		
din	ADJ		
ên	IZAFE		
ne	PART		
ereb	ADJ		
ên	IZAFE		
islam	ADJ		
ê	DET		
jî	ADV		
ne	VERB		
.	PUNCT		
	
hemû di roja Aşûra de dihên li Kerbela kom dibin.
	
hemû	ADJ		
di	ADP		
roj	NOUN		
a	IZAFE		
Aşûra	PROPN		
de	ADP		
dihên	AUX		
li	ADP		
Kerbela	PROPN		
kom dibin	VERB		
.	PUNCT		
	
Ehmed Ebdulhuseyn got: geştevanên evê salê jî bêtir ji Behreynê, Si`ûdîye, Kuweytê, Îranê, Pakistanê û Hindistanê ne.
	
Ehmed	PROPN		
Ebdulhuseyn	PROPN		
got	VERB		
:	PUNCT		
geştevan	NOUN		
ên	IZAFE		
evê	PRON		
sal	NOUN		
ê	DET		
jî	ADV		
bêtir	ADJ		
ji	ADP		
Behreyn	PROPN		
ê	DET		
,	PUNCT		
Si`ûdîye	PROPN		
,	PUNCT		
Kuweyt	PROPN		
ê	DET		
,	PUNCT		
Îran	PROPN		
ê	DET		
,	PUNCT		
Pakistan	PROPN		
ê	DET		
û	CCONJ		
Hindistan	PROPN		
ê	DET		
ne	VERB		
.	PUNCT		
	
herweha, hinek kes ji Ewropa û Amerîka jî hatine.
	
herweha	ADV		
,	PUNCT		
hin	ADV		
ek	DET		
kes	PRON		
ji	ADP		
Ewropa	PROPN		
û	CCONJ		
Amerîka	PROPN		
jî	ADV		
hatine	VERB		
.	PUNCT		
	
şêx Mustefa got: gerek ev şandeya han di roja 24/01/2010 de bi evê serdanê rabibe.
	
şêx	NOUN		
Mustefa	PROPN		
got	VERB		
:	PUNCT		
gerek	ADJ		
ev	PRON		
şande	NOUN		
ya	IZAFE		
han	PART		
di	ADP		
roj	NOUN		
a	IZAFE		
24/01/2010	NUM		
de	ADP		
bi	ADP		
evê	PRON		
serdan	NOUN		
ê	DET		
rabibe	VERB		
.	PUNCT		
	
ji bilî evê çendê, bêtirî deh (10) kesan jî birîndar bûn û du ji birîndaran endamên encûmena qezayê ne.
	
ji bilî	ADP		
evê	PRON		
çend	NOUN		
ê	DET		
,	PUNCT		
bêtirî	ADV		
deh	NUM		
(	PUNCT		
10	NUM		
)	PUNCT		
kes	PRON		
an	DET		
jî	ADV		
birîndar	NOUN		
bûn	VERB		
û	CCONJ		
du	NUM		
ji	ADP		
birîndar	NOUN		
an	DET		
endam	NOUN		
ên	IZAFE		
encûmen	NOUN		
a	IZAFE		
qeza	NOUN		
yê	DET		
ne	VERB		
.	PUNCT		
	
bajêrê Tele`fer jî girêdayî parêzgeha Mûsilê ye.
	
bajêr	NOUN		
ê	IZAFE		
Tele`fer	PROPN		
jî	ADV		
girêdayî	ADJ		
parêzgeh	NOUN		
a	IZAFE		
Mûsil	PROPN		
ê	DET		
ye	VERB		
.	PUNCT		
	
Berhem Ehmed Salih dest pê kir.
	
Berhem	PROPN		
Ehmed	PROPN		
Salih	PROPN		
dest pê kir	VERB		
.	PUNCT		
	
piştî ku gihişt bajêrê Hewlêrê, wezîrê navxweyîya Turkîye Beşîr Atalay kombûnek bi serokê hukûmeta herêma Kurdistanê Dr. Berhem Ehmed Salih re saz kir.
	
piştî ku	ADP		
gihişt	VERB		
bajêr	NOUN		
ê	IZAFE		
Hewlêr	PROPN		
ê	DET		
,	PUNCT		
wezîr	NOUN		
ê	IZAFE		
navxweyî	ADJ		
ya	IZAFE		
Turkîye	PROPN		
Beşîr	PROPN		
Atalay	PROPN		
kombûn	NOUN		
ek	DET		
bi	ADP		
serok	NOUN		
ê	IZAFE		
hukûmet	NOUN		
a	IZAFE		
herêm	NOUN		
a	IZAFE		
Kurdistan	PROPN		
ê	DET		
Dr.	NOUN		
Berhem	PROPN		
Ehmed	PROPN		
Salih	PROPN		
re	ADP		
saz kir	VERB		
.	PUNCT		
	
bêjedarê hukûmeta herêma Kurdistanê Kawe Mehmûd ragihand, ku dê wezîrê navxweyîya Turkîye kombûnekê bi serokê herêma Kurdistanê jî re saz bike.
	
bêjedar	NOUN		
ê	IZAFE		
hukûmet	NOUN		
a	IZAFE		
herêm	NOUN		
a	IZAFE		
Kurdistan	PROPN		
ê	DET		
Kawe	PROPN		
Mehmûd	PROPN		
ragihand	VERB		
,	PUNCT		
ku	SCONJ		
dê	PART		
wezîr	NOUN		
ê	IZAFE		
navxweyî	ADJ		
ya	IZAFE		
Turkîye	PROPN		
kombûn	NOUN		
ekê	DET		
bi	ADP		
serok	NOUN		
ê	IZAFE		
herêm	NOUN		
a	IZAFE		
Kurdistan	PROPN		
ê	DET		
jî	ADV		
re	ADP		
saz bike	VERB		
.	PUNCT		
	
gef û hereşebirina ser Îranê tiştekî ne di cih de ye û dûrî aqilan e.
	
gef	NOUN		
û	CCONJ		
hereşebirin	NOUN		
a	IZAFE		
ser	ADP		
Îran	PROPN		
ê	DET		
tişt	NOUN		
ek	DET		
î	IZAFE		
ne	PART		
di cih de	ADV		
ye	VERB		
û	CCONJ		
dûrî	NOUN		
aqilan	NOUN		
e	VERB		
.	PUNCT		
	
dawî helbestvan Xormalî helbestên xwe yên cuda cuda û li ser heskirin û evîndarîyê ji bo amadevanîyan xwendin.
	
dawî	ADJ		
helbestvan	NOUN		
Xormalî	PROPN		
helbest	NOUN		
ên	IZAFE		
xwe	PRON		
yên	IZAFE		
cuda cuda	ADV		
û	CCONJ		
li ser	ADP		
heskirin	NOUN		
û	CCONJ		
evîndarî	NOUN		
yê	DET		
ji	ADP		
bo	ADP		
amadevanî	NOUN		
yan	DET		
xwendin	VERB		
.	PUNCT		
	
Bêrîvan Ongorûr niha kandîda evê partîyê ya parlemana Ewropîye û serokê herêma Kurdistanê hêvîya serkevtinê jê re xwezt.
	
Bêrîvan	PROPN		
Ongorûr	PROPN		
niha	ADV		
kandîd	NOUN		
a	IZAFE		
evê	PRON		
partî	NOUN		
yê	DET		
ya	IZAFE		
parleman	NOUN		
a	IZAFE		
Ewropa	PROPN		
ye	VERB		
û	CCONJ		
serok	NOUN		
ê	IZAFE		
herêm	NOUN		
a	IZAFE		
Kurdistan	PROPN		
ê	DET		
hêvî	NOUN		
ya	IZAFE		
serkevtin	NOUN		
ê	DET		
jê	ADP		
re	ADP		
xwezt	VERB		
.	PUNCT		
	
eve dem û wextê bîrkirinê ye.
	
eve	PRON		
dem	NOUN		
û	CCONJ		
wext	NOUN		
ê	IZAFE		
bîrkirin	NOUN		
ê	DET		
ye	VERB		
.	PUNCT		
	
li welatekî din ev minasebeta îro bi tenê mînakek e bo destkeftîyeke aborî û teknîkî ye.
	
li	ADP		
welat	NOUN		
ek	DET		
î	IZAFE		
din	ADJ		
ev	PRON		
minasebet	NOUN		
a	IZAFE		
îro	NOUN		
bi tenê	ADV		
mînak	NOUN		
ek	DET		
e	VERB		
bo	ADP		
destkeftî	NOUN		
yek	DET		
e	IZAFE		
aborî	ADJ		
û	CCONJ		
teknîkî	ADJ		
ye	VERB		
.	PUNCT		
	
em beşdarîyê di paşerojeke baştir û aramtir de dikin.
	
em	PRON		
beşdarî	NOUN		
yê	DET		
di	ADP		
paşeroj	NOUN		
ek	DET		
e	IZAFE		
baştir	ADJ		
û	CCONJ		
aram	ADJ		
tir	DET		
de	ADP		
dikin	VERB		
.	PUNCT		
	
kontrolkirina ênerjîyê ji alîyê yek kesî ve gelek xeter e.
	
kontrolkirin	NOUN		
a	IZAFE		
ênerjî	NOUN		
yê	DET		
ji	ADP		
alî	NOUN		
yek	DET		
kesî	ADJ		
ve	ADP		
gelek	ADJ		
xeter	ADJ		
e	VERB		
.	PUNCT		
	
gelê herêma Kurdistanê gelek êş û azar ji kirîyarên rijêma berê dîtine.
	
gel	NOUN		
ê	IZAFE		
herêm	NOUN		
a	IZAFE		
Kurdistan	PROPN		
ê	DET		
gelek	ADJ		
êş û azar	NOUN		
ji	ADP		
kirîyar	NOUN		
ên	IZAFE		
rijêm	NOUN		
a	IZAFE		
berê	ADJ		
dîtine	VERB		
.	PUNCT		
	
wêrankirin û xerapkirina berdewam, şidet û jênosîdayê cihê sozên wan yên aşitîyê digirt.
	
wêrankirin	NOUN		
û	CCONJ		
xerapkirin	NOUN		
a	IZAFE		
berdewam	ADJ		
,	PUNCT		
şidet	NOUN		
û	CCONJ		
jênosîda	NOUN		
yê	DET		
cih	NOUN		
ê	IZAFE		
soz	NOUN		
ên	IZAFE		
wan	PRON		
yên	IZAFE		
aşitî	NOUN		
yê	DET		
digirt	VERB		
.	PUNCT		
	
parêzgarê Duhokê daxwaz ji encûmena wezîran dike Akrê bibe paytexta Newrozê.
	
parêzgar	NOUN		
ê	IZAFE		
Duhok	PROPN		
ê	DET		
daxwaz	NOUN		
ji	ADP		
encûmen	NOUN		
a	IZAFE		
wezîr	NOUN		
an	DET		
dike	VERB		
Akrê	PROPN		
bibe	VERB		
paytext	NOUN		
a	IZAFE		
Newroz	PROPN		
ê	DET		
.	PUNCT		
	
gelek odeyên civînê yên biçûk û mezin û kafeteryayeke mezin heye ku dikare heya 300 kesan tê de bihewîne.
	
gelek	ADV		
ode	NOUN		
yên	IZAFE		
civîn	NOUN		
ê	DET		
yên	IZAFE		
biçûk	ADJ		
û	CCONJ		
mezin	ADJ		
û	CCONJ		
kafeterya	NOUN		
yek	DET		
e	IZAFE		
mezin	ADJ		
heye	VERB		
ku	SCONJ		
dikare	VERB		
heya	ADP		
300	NUM		
kes	NOUN		
an	DET		
tê	ADP		
de	ADP		
bihewîne	VERB		
.	PUNCT   
	
roja sêşemê 9ê Gulana 2023an, wezareta derve ya Erebistana Siûdî ragihand, Riyad nûnertîya xwe ya dîplomasiyê li Şamê vedike, wek pêngavek ji bo asayîbûna pêwendiyên navbera herdu welatan di çarçoveya vegera Sûriyê bo nav Komkara Welatên Erebî de.
	
roj	NOUN		
a	IZAFE		
sêşem	NOUN		
ê	DET		
9	NUM		
ê	IZAFE		
Gulan	PROPN		
a	IZAFE		
2023	NUM		
an	DET		
,	PUNCT		
wezaret	NOUN		
a	IZAFE		
derve	ADJ		
ya	IZAFE		
Erebistan	PROPN		
a	IZAFE		
Siûdî	ADJ		
ragihand	VERB		
,	PUNCT		
Riyad	PROPN		
nûnertî	NOUN		
ya	IZAFE		
xwe	PRON		
ya	IZAFE		
dîplomasi	NOUN		
yê	IZAFE		
li	ADP		
Şam	PROPN		
ê	DET		
vedike	VERB		
,	PUNCT		
wek	ADP		
pêngav	NOUN		
ek	DET		
ji	ADP		
bo	ADP		
asayîbûn	NOUN		
a	IZAFE		
pêwendi	NOUN		
yên	IZAFE		
navber	NOUN		
a	IZAFE		
herdu	ADJ		
welat	NOUN		
an	DET		
di	ADP		
çarçove	NOUN		
ya	IZAFE		
veger	NOUN		
a	IZAFE		
Sûri	PROPN		
yê	DET		
bo	ADP		
nav	ADP		
komkar	NOUN		
a	IZAFE		
welat	NOUN		
ên	IZAFE		
erebî	ADJ		
de	ADP		
.	PUNCT		
	
Roşan Cafer derbareyî vê pirtûka xwe de ji 24ê re dibêje: armanca min ew e ku Ewropî bêhtir xwarinên Kurdî nas bikin.
	
Roşan	PROPN		
Cafer	PROPN		
derbare	ADP		
yî	IZAFE		
vê	DET		
pirtûk	NOUN		
a	IZAFE		
xwe	PRON		
de	ADP		
ji	ADP		
24	NUM		
ê	DET		
re	ADP		
dibêje	VERB		
:	PUNCT		
armanc	NOUN		
a	IZAFE		
min	PRON		
ew	PRON		
e	VERB		
ku	SCONJ		
Ewropî	NOUN		
bêhtir	ADJ		
xwarin	NOUN		
ên	IZAFE		
Kurdî	ADJ		
nas bikin	VERB		
.	PUNCT		
	
pirtûk bi merasîmeke mezin û bi amadebûna ewropî û Kurdên dîasporayê hat pêşkêşkirin.
	
pirtûk	NOUN		
bi	ADP		
merasîm	NOUN		
ek	DET		
e	IZAFE		
mezin	ADJ		
û	CCONJ		
bi	ADP		
amadebûn	NOUN		
a	IZAFE		
ewropî	NOUN		
û	CCONJ		
Kurd	NOUN		
ên	IZAFE		
dîaspora	NOUN		
yê	DET		
hat	AUX		
pêşkêşkirin	VERB		
.	PUNCT		
	
Keç û xortên Êzidî di meha Nîsanê de zewacê nakin.
	
Keç	NOUN		
û	CCONJ		
xort	NOUN		
ên	IZAFE		
Êzidî	ADJ		
di	ADP		
meh	NOUN		
a	IZAFE		
Nîsan	PROPN		
ê	DET		
de	ADP		
zewac	NOUN		
ê	DET		
nakin	VERB		
.	PUNCT		
	
Divê sosyalîst û şoreşgerên îro Yilmaz Guney baş fehm bikin û bizanin.
	
Divê	VERB		
sosyalîst	NOUN		
û	CCONJ		
şoreşger	NOUN		
ên	IZAFE		
îro	ADV		
Yilmaz	PROPN		
Guney	PROPN		
baş	ADJ		
fehm bikin	VERB		
û	CCONJ		
bizanin	VERB		
.	PUNCT		
	
Sibe polîtburoyên PDK û YNKê li Silêmaniyê dicivin.
	
Sibe	ADV		
polîtburo	NOUN		
yên	IZAFE		
PDK	PROPN		
û	CCONJ		
YNK	PROPN		
ê	DET		
li	ADP		
Silêmani	PROPN		
yê	DET		
dicivin	VERB		
.	PUNCT		
	
Zêdetir ji 5 hezar geştyar ji çar aliyên Îran û Rojhilatê Kurdistanê di festîvalê de beşdar bûn.
	
Zêdetir	ADJ		
ji	ADP		
5	NUM		
hezar	NUM		
geştyar	NOUN		
ji	ADP		
çar	NUM		
ali	NOUN		
yên	IZAFE		
Îran	PROPN		
û	CCONJ		
Rojhilat	PROPN		
ê	IZAFE		
Kurdistan	PROPN		
ê	DET		
di	ADP		
festîval	NOUN		
ê	DET		
de	ADP		
beşdar	NOUN		
bûn	VERB		
.	PUNCT		
	
sêyemîn festîvala rewşenbîrî û hunerî li bajarokê Bayngan ê li parêzgeha Kirmaşanê ya Rojhilatê Kurdistanê hate lidarxistin.
	
sêyemîn	NUM		
festîval	NOUN		
a	IZAFE		
rewşenbîrî	NOUN		
û	CCONJ		
hunerî	ADJ		
li	ADP		
bajarok	NOUN		
ê	IZAFE		
Bayngan	PROPN		
ê	IZAFE		
li	ADP		
parêzgeh	NOUN		
a	IZAFE		
Kirmaşan	PROPN		
ê	DET		
ya	IZAFE		
Rojhilat	PROPN		
ê	IZAFE		
Kurdistan	PROPN		
ê	IZAFE		
hate	AUX		
lidarxistin	VERB		
.	PUNCT		
	
Leyla Qasim dixwest dengê kurdan li cîhanê bide bihîstin.
	
Leyla	PROPN		
Qasim	PROPN		
dixwest	VERB		
deng	NOUN		
ê	IZAFE		
kurd	NOUN		
an	DET		
li	ADP		
cîhan	NOUN		
ê	DET		
bide	AUX		
bihîstin	VERB		
.	PUNCT		
	
Min bikujin, lê vê rastiyê jî zanibin ku bi kuştina min dê bi hezaran kurd ji xewa giran şiyar bibin.
	
Min	PRON		
bikujin	VERB		
,	PUNCT		
lê	CCONJ		
vê	DET		
rasti	NOUN		
yê	DET		
jî	ADV		
zanibin	VERB		
ku	SCONJ		
bi	ADP		
kuştin	NOUN		
a	IZAFE		
min	PRON		
dê	PART		
bi	ADP		
hezar	NUM		
an	DET		
kurd	NOUN		
ji	ADP		
xew	NOUN		
a	IZAFE		
giran	ADJ		
şiyar	ADJ		
bibin	VERB		
.	PUNCT		
	
ez gelek kêfxweş û serbilindim ku ezê giyanê xwe fedayê rizgariya Kurdistanê bikim.
	
ez	PRON		
gelek	ADV		
kêfxweş	ADJ		
û	CCONJ		
serbilind	ADJ		
im	VERB		
ku	SCONJ		
ez	PRON		
ê	PART		
giyan	NOUN		
ê	IZAFE		
xwe	PRON		
feda	NOUN		
yê	IZAFE		
rizgari	NOUN		
ya	IZAFE		
Kurdistan	PROPN		
ê	DET		
bikim	VERB		
.	PUNCT		
	
Berfîn Emektarê diyar kir ku xebatên hunermermendan li berçavan in, tiştekî wan ê veşartî nîn e, ew diafirînin û pêşkêşî gel dikin.
	
Berfîn	PROPN		
Emektarê	PROPN		
diyar kir	VERB		
ku	SCONJ		
xebat	NOUN		
ên	IZAFE		
hunermermend	NOUN		
an	DET		
li	ADP		
berçav	NOUN		
an	DET		
in	VERB		
,	PUNCT		
tişt	NOUN		
ek	DET		
î	IZAFE		
wan	PRON		
ê	IZAFE		
veşartî	ADJ		
nîn	AUX		
e	VERB		
,	PUNCT		
ew	PRON		
diafirînin	VERB		
û	CCONJ		
pêşkêş	NOUN		
î	DET		
gel	NOUN		
dikin	VERB		
.	PUNCT		
	
ji bilî hunermendiyê jî tu karekî wan tune ye.
	
ji bilî	ADP		
hunermendi	NOUN		
yê	DET		
jî	ADV		
tu	ADV		
kar	NOUN		
ek	DET		
î	IZAFE		
wan	PRON		
tune	AUX		
ye	VERB		
.	PUNCT		
	
li piraniya herêmê, cotkaran dest bi çinîna ceh û nîskan kirin.
	
li	ADP		
pirani	NOUN		
ya	IZAFE		
herêm	NOUN		
ê	DET		
,	PUNCT		
cotkar	NOUN		
an	DET		
dest	NOUN		
bi	ADP		
çinîn	NOUN		
a	IZAFE		
ceh	NOUN		
û	CCONJ		
nîsk	NOUN		
an	DET		
kirin	VERB		
.	PUNCT		
	
li bendê ye ku di rojên pêş de çinîna genim jî dest pê bike.
	
li	ADP		
bend	NOUN		
ê	DET		
ye	VERB		
ku	SCONJ		
di	ADP		
roj	NOUN		
ên	IZAFE		
pêş	ADV		
de	ADP		
çinîn	NOUN		
a	IZAFE		
genim	NOUN		
jî	ADV		
dest pê bike	VERB		
.	PUNCT		
	
li navçeya Amediyê bi dehan projeyên din ên hikûmetê zirar dîtine.
	
li	ADP		
navçe	NOUN		
ya	IZAFE		
Amedi	PROPN		
yê	DET		
bi	ADP		
deh	NUM		
an	DET		
proje	NOUN		
yên	IZAFE		
din	ADJ		
ên	IZAFE		
hikûmet	NOUN		
ê	DET		
zirar	NOUN		
dîtine	VERB		
.	PUNCT		
	
hemû endamên komê di malbatên evîndarên muzîkê de mezin bûn, lewma ji zarokatiya xwe ve dest bi vê hunerê kirine.
	
hemû	ADJ		
endam	NOUN		
ên	IZAFE		
kom	NOUN		
ê	DET		
di	ADP		
malbat	NOUN		
ên	IZAFE		
evîndar	NOUN		
ên	IZAFE		
muzîk	NOUN		
ê	DET		
de	ADP		
mezin	ADJ		
bûn	VERB		
,	PUNCT		
lewma	CCONJ		
ji	ADP		
zarokati	NOUN		
ya	IZAFE		
xwe	PRON		
ve	ADP		
dest	NOUN		
bi	ADP		
vê	DET		
huner	NOUN		
ê	DET		
kirine	VERB		
.	PUNCT		
	
Ateş destnîşan kir ku 20 sal in bi hevalên xwe re şanogeriyê dike û got: "em şanogeriya kurdî dikin û hewl didin ku xwedî li çanda xwe derbikevin."
	
Ateş	PROPN		
destnîşan	NOUN		
kir	VERB		
ku	SCONJ		
20	NUM		
sal	NOUN		
in	VERB		
bi	ADP		
heval	NOUN		
ên	IZAFE		
xwe	PRON		
re	ADP		
şanogeri	NOUN		
yê	DET		
dike	VERB		
û	CCONJ		
got	VERB		
:	PUNCT		
"	PUNCT		
em	PRON		
şanogeri	NOUN		
ya	IZAFE		
kurdî	ADJ		
dikin	VERB		
û	CCONJ		
hewl didin	VERB		
ku	SCONJ		
xwedî	NOUN		
li	ADP		
çand	NOUN		
a	IZAFE		
xwe	PRON		
derbikevin	VERB		
.	PUNCT		
"	PUNCT		
	
serokê koma serhildêr Evdo ji bira û gundiyên xwe daxwaz dike ku bi ajalan re berê xwe bidin gund.
	
serok	NOUN		
ê	IZAFE		
kom	NOUN		
a	IZAFE		
serhildêr	NOUN		
Evdo	PROPN		
ji	ADP		
bira	NOUN		
û	CCONJ		
gundi	NOUN		
yên	IZAFE		
xwe	PRON		
daxwaz dike	VERB		
ku	SCONJ		
bi	ADP		
ajal	NOUN		
an	DET		
re	ADP		
ber	NOUN		
ê	IZAFE		
xwe	PRON		
bidin	VERB		
gund	NOUN		
.	PUNCT		
	
lewma operasyoneke wiha dan destpêkrin.
	
lewma	ADV	
operasyon	NOUN	
ek	DET	
e	IZAFE	
wiha	ADV	
dan	AUX	
destpêkrin	VERB	
.	PUNCT   
	
dixwazin karê rojnamegeriyê asteng bikin û çavên rojnamegeran bitirsînin.
	
dixwazin	VERB		
kar	NOUN		
ê	IZAFE		
rojnamegeri	NOUN		
yê	DET		
asteng	ADJ		
bikin	VERB		
û	CCONJ		
çav	NOUN		
ên	IZAFE		
rojnameger	NOUN		
an	DET		
bitirsînin	VERB		
.	PUNCT		
	
em bi vî awayî dinirxînin.
	
em	PRON		
bi	ADP		
vî	DET		
awa	NOUN		
yî	DET		
dinirxînin	VERB		
.	PUNCT		
	
gelek simsarên biyanî erd, mal û milkên xelkê Efrînê bi pereyekî zêde dikirin.
	
gelek	ADV		
simsar	NOUN		
ên	IZAFE		
biyanî	ADJ		
erd	NOUN		
,	PUNCT		
mal	NOUN		
û	CCONJ		
milk	NOUN		
ên	IZAFE		
xelk	NOUN		
ê	IZAFE		
Efrîn	PROPN		
ê	DET		
bi	ADP		
pere	NOUN		
yek	DET		
î	IZAFE				
zêde	ADJ		
dikirin	VERB		
.	PUNCT		
	
bi dehan rewşên bi vî rengî li gundên Kefer Sefrê û Dêwa yên Cindirêsê çêbûne.
	
bi	ADP		
deh	NUM		
an	DET		
rewş	NOUN		
ên	IZAFE		
bi	ADP		
vî	PRON		
reng	NOUN		
î	DET		
li	ADP		
gund	NOUN		
ên	IZAFE		
Kefer	PROPN		
Sefr	PROPN		
ê	DET		
û	CCONJ		
Dêwa	PROPN		
yên	IZAFE		
Cindirês	PROPN		
ê	DET		
çêbûne	VERB		
.	PUNCT		
	
keç û xortên me canê xwe ji bo jiyaneke birûmet û azad û parastina pêkhateyên herêmê feda kirin.
	
keç	NOUN		
û	CCONJ		
xort	NOUN		
ên	IZAFE		
me	PRON		
can	NOUN		
ê	IZAFE		
xwe	PRON		
ji	ADP		
bo	ADP		
jiyan	NOUN		
ek	DET		
e	IZAFE		
birûmet	ADJ		
û	CCONJ		
azad	ADJ		
û	CCONJ		
parastin	NOUN		
a	IZAFE		
pêkhate	NOUN		
yên	IZAFE		
herêm	NOUN		
ê	DET		
feda	NOUN		
kirin	VERB		
.	PUNCT		
	
Êzidiyên Şengalê piranî di vê rojê de cejna xwe pîroz dikin lê beşeke êzidiyên Şengalê û êzidiyên Şêxanê dê sibê cejna xwe pîroz bikin.
	
Êzidi	NOUN		
yên	IZAFE		
Şengal	PROPN		
ê	DET		
piranî	NOUN		
di	ADP		
vê	PRON		
roj	NOUN		
ê	DET		
de	ADP		
cejn	NOUN		
a	IZAFE		
xwe	PRON		
pîroz	ADJ		
dikin	VERB		
lê	CCONJ		
beş	NOUN		
eke	DET		
e	IZAFE		
êzidi	NOUN		
yên	IZAFE		
Şengal	PROPN		
ê	DET		
û	CCONJ		
êzidi	NOUN		
yên	IZAFE		
Şêxan	PROPN		
ê	DET		
dê	PART		
sibê	ADV		
cejn	NOUN		
a	IZAFE		
xwe	PRON		
pîroz	ADJ		
bikin	VERB		
.	PUNCT		
	
şehîdê berxwedana rûmetê Hebîb bi merasîmeke bi heybet li Kerkûkê hate veşartin.
	
şehîd	NOUN		
ê	IZAFE		
berxwedan	NOUN		
a	IZAFE		
rûmet	NOUN		
ê	DET		
Hebîb	PROPN		
bi	ADP		
merasîm	NOUN		
ek	DET		
e	IZAFE		
bi heybet	ADV		
li	ADP		
Kerkûk	PROPN		
ê	DET		
hate	AUX		
veşartin	VERB		
.	PUNCT		
	
divê tu kes li hemberî operasyona li Amedê bêdeng nemîne.
	
divê	VERB		
tu	ADV		
kes	NOUN		
li hember	ADP		
î	IZAFE				
operasyon	NOUN		
a	IZAFE		
li	ADP		
Amed	PROPN		
ê	DET		
bêdeng	ADJ		
nemîne	VERB		
.	PUNCT		
	
em dixwazin her kes ji bo parastina rojnamegeriyê, ji bo azadiya xweîfadekirinê û ji bo her kes bi awayekî azad propagandaya hilbjartinê bike, ji bo her kes bi awayekî azad dengê xwe bide, piştgiriyê bidin.
	
em	PRON		
dixwazin	VERB		
her kes	PRON		
ji	ADP		
bo	ADP		
parastin	NOUN		
a	IZAFE		
rojnamegeri	NOUN		
yê	DET		
,	PUNCT		
ji	ADP		
bo	ADP		
azadi	NOUN		
ya	IZAFE		
xweîfadekirin	NOUN		
ê	DET		
û	CCONJ		
ji	ADP		
bo	ADP		
her kes	PRON		
bi	ADP		
awa	NOUN		
yek	DET		
î	IZAFE		
azad	ADJ		
propaganda	NOUN		
ya	IZAFE		
hilbjartin	NOUN		
ê	DET		
bike	VERB		
,	PUNCT		
ji	ADP		
bo	ADP		
her kes	PRON		
bi	ADP		
awa	NOUN		
yek	DET		
î	IZAFE		
azad	ADJ		
deng	NOUN		
ê	IZAFE		
xwe	PRON		
bide	VERB		
,	PUNCT		
piştgiri	NOUN		
yê	DET		
bidin	VERB		
.	PUNCT		
	
hejmareke rojnamevanên Îranî û Rojhilatê Kurdistanê ji bijîşkên nexweşxaneya Kasrî ya Tehranê ragihandine, Jîna Emînî tûşî krîza mejî û dil nebûye, lê derb li ser wê hatiye xistin, ji ber wê jî serê wê şikestiye û tûşî xwînberbûna mejî bûye.
	
hejmar	NOUN		
ek	DET		
e	IZAFE		
rojnamevan	NOUN		
ên	IZAFE		
Îranî	ADJ		
û	CCONJ		
Rojhilat	PROPN		
ê	IZAFE		
Kurdistan	PROPN		
ê	DET		
ji	ADP		
bijîşk	NOUN		
ên	IZAFE		
nexweşxane	NOUN		
ya	IZAFE		
Kasrî	PROPN		
ya	IZAFE		
Tehran	PROPN		
ê	DET		
ragihandine	VERB		
,	PUNCT		
Jîna	PROPN		
Emînî	PROPN		
tûşî	NOUN		
krîz	NOUN		
a	IZAFE		
mejî	NOUN		
û	CCONJ		
dil	NOUN		
nebûye	VERB		
,	PUNCT		
lê	CCONJ		
derb	NOUN		
li ser	ADP		
wê	PRON		
hatiye	AUX		
xistin	VERB		
,	PUNCT		
ji ber	ADP		
wê	PRON		
jî	ADV		
ser	NOUN		
ê	IZAFE		
wê	PRON		
şikestiye	VERB		
û	CCONJ		
tûşî	NOUN		
xwînberbûn	NOUN		
a	IZAFE		
mejî	ADJ		
bûye	VERB		
.	PUNCT		
	
yek ji zarokên ku beşdarî pêşbirka behskirî bû, Nîkolayî Mihoyan ê 9 salî bû,  ku li ser navê zarokên Kurd ên li Ermenistanê dijîn, amade bû.
	
yek	NUM		
ji	ADP		
zarok	NOUN		
ên	IZAFE		
ku	SCONJ		
beşdar	NOUN		
î	DET		
pêşbirk	NOUN		
a	IZAFE		
behskirî	NOUN		
bû	VERB		
,	PUNCT		
Nîkolayî	PROPN		
Mihoyan	PROPN		
ê	IZAFE		
9	NUM		
salî	NOUN		
bû	VERB		
,	PUNCT		
ku	SCONJ		
li ser	ADP		
nav	NOUN		
ê	IZAFE		
zarok	NOUN		
ên	IZAFE		
Kurd	NOUN		
ên	IZAFE		
li	ADP		
Ermenistan	PROPN		
ê	DET		
dijîn	VERB		
,	PUNCT		
amade	ADJ		
bû	VERB		
.	PUNCT		
	
yek ji wan mijarên derûnnasîya civakî li ser disekine jî, bandora civakê ya li ser mirovî ye, ku wekî "bandora civakî" hatiye pênasekirin.
	
yek	NUM		
ji	ADP		
wan	PRON		
mijar	NOUN		
ên	IZAFE		
derûnnasî	NOUN		
ya	IZAFE		
civakî	ADJ		
li ser	ADP		
disekine	VERB		
jî	ADV		
,	PUNCT		
bandor	NOUN		
a	IZAFE		
civak	NOUN		
ê	DET		
ya	IZAFE		
li ser	ADP		
mirov	NOUN		
î	DET		
ye	VERB		
,	PUNCT		
ku	SCONJ		
wekî	ADP		
"	PUNCT		
bandor	NOUN		
a	IZAFE		
civakî	ADJ		
"	PUNCT		
hatiye	AUX		
pênasekirin	VERB		
.	PUNCT		
	
ChatGPT bûye teknolojîyek popûler ku di van demên dawîn de di gelek karan de tê bikaranîn û karê me pir hêsantir dike.
	
ChatGPT	PROPN		
bûye	VERB		
teknolojî	NOUN		
yek	DET		
popûler	ADJ		
ku	SCONJ		
di	ADP		
van	PRON		
dem	NOUN		
ên	IZAFE		
dawîn	ADJ		
de	ADP		
di	ADP		
gelek	ADV		
kar	NOUN		
an	DET		
de	ADP		
tê	AUX		
bikaranîn	VERB		
û	CCONJ		
kar	NOUN		
ê	IZAFE		
me	PRON		
pir	ADV		
hêsantir	ADJ		
dike	VERB		
.	PUNCT		
	
werin em bi hev re lê binêrin ka ev ChatGPT çi ye.
	
werin	VERB		
em	PRON		
bi hev re	ADV		
lê	ADP		
binêrin	VERB		
ka	ADV		
ev	PRON		
ChatGPT	PROPN		
çi	PRON		
ye	VERB		
.	PUNCT	